<?xml version="1.0" encoding="UTF-8"?>
<project-private xmlns="http://www.netbeans.org/ns/project-private/1">
    <editor-bookmarks xmlns="http://www.netbeans.org/ns/editor-bookmarks/2" lastBookmarkId="0"/>
    <open-files xmlns="http://www.netbeans.org/ns/projectui-open-files/2">
        <group>
            <file>file://d-fs/WildhaCh$/Eigene%20Dateien/NetBeansProjects/AutoBackup-master/src/autobackup/GUI/GUIController.java</file>
            <file>file://d-fs/WildhaCh$/Eigene%20Dateien/NetBeansProjects/AutoBackup-master/src/assets/FXML/ConfigGUI.fxml</file>
            <file>file://d-fs/WildhaCh$/Eigene%20Dateien/NetBeansProjects/AutoBackup-master/src/autobackup/GUI/ConfigGUI.java</file>
            <file>file://d-fs/WildhaCh$/Eigene%20Dateien/NetBeansProjects/AutoBackup-master/src/autobackup/GUI/ConfigStage.java</file>
            <file>file://d-fs/WildhaCh$/Eigene%20Dateien/NetBeansProjects/AutoBackup-master/src/autobackup/GUI/ConfigGUIController.java</file>
            <file>file://d-fs/WildhaCh$/Eigene%20Dateien/NetBeansProjects/AutoBackup-master/src/autobackup/Data/Const.java</file>
        </group>
    </open-files>
</project-private>
