<?xml version="1.0" encoding="UTF-8"?>
<project-private xmlns="http://www.netbeans.org/ns/project-private/1">
    <editor-bookmarks xmlns="http://www.netbeans.org/ns/editor-bookmarks/2" lastBookmarkId="0"/>
    <open-files xmlns="http://www.netbeans.org/ns/projectui-open-files/2">
        <group>
            <file>file://d-fs/WildhaCh$/Eigene%20Dateien/NetBeansProjects/AutoBackup-master/src/autobackup/AutoBackup.java</file>
            <file>file://d-fs/WildhaCh$/Eigene%20Dateien/NetBeansProjects/AutoBackup-master/src/hilfreich/Log.java</file>
            <file>file://d-fs/WildhaCh$/Eigene%20Dateien/NetBeansProjects/AutoBackup-master/src/hilfreich/ILog.java</file>
            <file>file://d-fs/WildhaCh$/Eigene%20Dateien/NetBeansProjects/AutoBackup-master/src/autobackup/copyFile/Backup.java</file>
        </group>
    </open-files>
</project-private>
